chap_global,book_num,chapter_num,character,word,count_norm
1,1,1,aang,compassion,4.773269689737471
1,1,1,aang,conflict_doubt,9.546539379474941
1,1,1,aang,duty_honor,0.0
1,1,1,aang,identity,2.3866348448687353
1,1,1,aang,justice,7.159904534606206
1,1,1,katara,compassion,11.594202898550725
1,1,1,katara,conflict_doubt,4.3478260869565215
1,1,1,katara,duty_honor,0.0
1,1,1,katara,identity,4.3478260869565215
1,1,1,katara,justice,1.4492753623188406
1,1,1,sokka,compassion,2.6954177897574128
1,1,1,sokka,conflict_doubt,13.477088948787063
1,1,1,sokka,duty_honor,0.0
1,1,1,sokka,identity,5.3908355795148255
1,1,1,sokka,justice,13.477088948787063
1,1,1,suki,compassion,0.0
1,1,1,suki,conflict_doubt,0.0
1,1,1,suki,duty_honor,0.0
1,1,1,suki,identity,0.0
1,1,1,suki,justice,0.0
1,1,1,toph,compassion,0.0
1,1,1,toph,conflict_doubt,0.0
1,1,1,toph,duty_honor,0.0
1,1,1,toph,identity,0.0
1,1,1,toph,justice,0.0
1,1,1,zuko,compassion,0.0
1,1,1,zuko,conflict_doubt,0.0
1,1,1,zuko,duty_honor,6.369426751592357
1,1,1,zuko,identity,0.0
1,1,1,zuko,justice,0.0
2,1,2,aang,compassion,13.698630136986301
2,1,2,aang,conflict_doubt,6.8493150684931505
2,1,2,aang,duty_honor,0.0
2,1,2,aang,identity,3.4246575342465753
2,1,2,aang,justice,6.8493150684931505
2,1,2,katara,compassion,28.205128205128204
2,1,2,katara,conflict_doubt,2.5641025641025643
2,1,2,katara,duty_honor,0.0
2,1,2,katara,identity,2.5641025641025643
2,1,2,katara,justice,2.5641025641025643
2,1,2,sokka,compassion,8.16326530612245
2,1,2,sokka,conflict_doubt,8.16326530612245
2,1,2,sokka,duty_honor,0.0
2,1,2,sokka,identity,0.0
2,1,2,sokka,justice,4.081632653061225
2,1,2,suki,compassion,0.0
2,1,2,suki,conflict_doubt,0.0
2,1,2,suki,duty_honor,0.0
2,1,2,suki,identity,0.0
2,1,2,suki,justice,0.0
2,1,2,toph,compassion,0.0
2,1,2,toph,conflict_doubt,0.0
2,1,2,toph,duty_honor,0.0
2,1,2,toph,identity,0.0
2,1,2,toph,justice,0.0
2,1,2,zuko,compassion,0.0
2,1,2,zuko,conflict_doubt,8.474576271186441
2,1,2,zuko,duty_honor,0.0
2,1,2,zuko,identity,0.0
2,1,2,zuko,justice,0.0
3,1,3,aang,compassion,19.650655021834062
3,1,3,aang,conflict_doubt,10.91703056768559
3,1,3,aang,duty_honor,0.0
3,1,3,aang,identity,8.73362445414847
3,1,3,aang,justice,6.550218340611353
3,1,3,katara,compassion,5.9880239520958085
3,1,3,katara,conflict_doubt,2.9940119760479043
3,1,3,katara,duty_honor,0.0
3,1,3,katara,identity,2.9940119760479043
3,1,3,katara,justice,2.9940119760479043
3,1,3,sokka,compassion,11.538461538461538
3,1,3,sokka,conflict_doubt,19.230769230769234
3,1,3,sokka,duty_honor,0.0
3,1,3,sokka,identity,0.0
3,1,3,sokka,justice,7.6923076923076925
3,1,3,suki,compassion,0.0
3,1,3,suki,conflict_doubt,0.0
3,1,3,suki,duty_honor,0.0
3,1,3,suki,identity,0.0
3,1,3,suki,justice,0.0
3,1,3,toph,compassion,0.0
3,1,3,toph,conflict_doubt,0.0
3,1,3,toph,duty_honor,0.0
3,1,3,toph,identity,0.0
3,1,3,toph,justice,0.0
3,1,3,zuko,compassion,8.403361344537815
3,1,3,zuko,conflict_doubt,8.403361344537815
3,1,3,zuko,duty_honor,4.201680672268908
3,1,3,zuko,identity,0.0
3,1,3,zuko,justice,8.403361344537815
4,1,4,aang,compassion,9.237875288683602
4,1,4,aang,conflict_doubt,9.237875288683602
4,1,4,aang,duty_honor,2.3094688221709005
4,1,4,aang,identity,2.3094688221709005
4,1,4,aang,justice,4.618937644341801
4,1,4,katara,compassion,8.771929824561402
4,1,4,katara,conflict_doubt,8.771929824561402
4,1,4,katara,duty_honor,0.0
4,1,4,katara,identity,0.0
4,1,4,katara,justice,14.619883040935672
4,1,4,sokka,compassion,9.195402298850574
4,1,4,sokka,conflict_doubt,11.494252873563218
4,1,4,sokka,duty_honor,2.2988505747126435
4,1,4,sokka,identity,4.597701149425287
4,1,4,sokka,justice,6.896551724137931
4,1,4,suki,compassion,6.578947368421052
4,1,4,suki,conflict_doubt,9.868421052631579
4,1,4,suki,duty_honor,3.289473684210526
4,1,4,suki,identity,6.578947368421052
4,1,4,suki,justice,6.578947368421052
4,1,4,toph,compassion,0.0
4,1,4,toph,conflict_doubt,0.0
4,1,4,toph,duty_honor,0.0
4,1,4,toph,identity,0.0
4,1,4,toph,justice,0.0
4,1,4,zuko,compassion,15.873015873015872
4,1,4,zuko,conflict_doubt,23.809523809523807
4,1,4,zuko,duty_honor,0.0
4,1,4,zuko,identity,0.0
4,1,4,zuko,justice,0.0
5,1,5,aang,compassion,5.692599620493358
5,1,5,aang,conflict_doubt,3.795066413662239
5,1,5,aang,duty_honor,1.8975332068311195
5,1,5,aang,identity,0.0
5,1,5,aang,justice,0.0
5,1,5,katara,compassion,5.58659217877095
5,1,5,katara,conflict_doubt,11.1731843575419
5,1,5,katara,duty_honor,0.0
5,1,5,katara,identity,0.0
5,1,5,katara,justice,0.0
5,1,5,sokka,compassion,18.69158878504673
5,1,5,sokka,conflict_doubt,0.0
5,1,5,sokka,duty_honor,0.0
5,1,5,sokka,identity,0.0
5,1,5,sokka,justice,9.345794392523365
5,1,5,suki,compassion,0.0
5,1,5,suki,conflict_doubt,0.0
5,1,5,suki,duty_honor,0.0
5,1,5,suki,identity,0.0
5,1,5,suki,justice,0.0
5,1,5,toph,compassion,0.0
5,1,5,toph,conflict_doubt,0.0
5,1,5,toph,duty_honor,0.0
5,1,5,toph,identity,0.0
5,1,5,toph,justice,0.0
5,1,5,zuko,compassion,0.0
5,1,5,zuko,conflict_doubt,0.0
5,1,5,zuko,duty_honor,0.0
5,1,5,zuko,identity,0.0
5,1,5,zuko,justice,0.0
6,1,6,aang,compassion,0.0
6,1,6,aang,conflict_doubt,12.738853503184714
6,1,6,aang,duty_honor,0.0
6,1,6,aang,identity,0.0
6,1,6,aang,justice,12.738853503184714
6,1,6,katara,compassion,16.34472511144131
6,1,6,katara,conflict_doubt,8.915304606240714
6,1,6,katara,duty_honor,1.4858841010401187
6,1,6,katara,identity,4.457652303120357
6,1,6,katara,justice,1.4858841010401187
6,1,6,sokka,compassion,0.0
6,1,6,sokka,conflict_doubt,7.228915662650603
6,1,6,sokka,duty_honor,0.0
6,1,6,sokka,identity,0.0
6,1,6,sokka,justice,7.228915662650603
6,1,6,suki,compassion,0.0
6,1,6,suki,conflict_doubt,0.0
6,1,6,suki,duty_honor,0.0
6,1,6,suki,identity,0.0
6,1,6,suki,justice,0.0
6,1,6,toph,compassion,0.0
6,1,6,toph,conflict_doubt,0.0
6,1,6,toph,duty_honor,0.0
6,1,6,toph,identity,0.0
6,1,6,toph,justice,0.0
6,1,6,zuko,compassion,0.0
6,1,6,zuko,conflict_doubt,0.0
6,1,6,zuko,duty_honor,0.0
6,1,6,zuko,identity,0.0
6,1,6,zuko,justice,0.0
7,1,7,aang,compassion,22.146507666098806
7,1,7,aang,conflict_doubt,13.62862010221465
7,1,7,aang,duty_honor,0.0
7,1,7,aang,identity,1.7035775127768313
7,1,7,aang,justice,6.814310051107325
7,1,7,katara,compassion,7.751937984496124
7,1,7,katara,conflict_doubt,0.0
7,1,7,katara,duty_honor,0.0
7,1,7,katara,identity,0.0
7,1,7,katara,justice,3.875968992248062
7,1,7,sokka,compassion,22.857142857142858
7,1,7,sokka,conflict_doubt,34.285714285714285
7,1,7,sokka,duty_honor,0.0
7,1,7,sokka,identity,5.714285714285714
7,1,7,sokka,justice,5.714285714285714
7,1,7,suki,compassion,0.0
7,1,7,suki,conflict_doubt,0.0
7,1,7,suki,duty_honor,0.0
7,1,7,suki,identity,0.0
7,1,7,suki,justice,0.0
7,1,7,toph,compassion,0.0
7,1,7,toph,conflict_doubt,0.0
7,1,7,toph,duty_honor,0.0
7,1,7,toph,identity,0.0
7,1,7,toph,justice,0.0
7,1,7,zuko,compassion,0.0
7,1,7,zuko,conflict_doubt,8.196721311475411
7,1,7,zuko,duty_honor,0.0
7,1,7,zuko,identity,0.0
7,1,7,zuko,justice,8.196721311475411
8,1,8,aang,compassion,5.154639175257732
8,1,8,aang,conflict_doubt,18.04123711340206
8,1,8,aang,duty_honor,0.0
8,1,8,aang,identity,7.731958762886598
8,1,8,aang,justice,7.731958762886598
8,1,8,katara,compassion,0.0
8,1,8,katara,conflict_doubt,17.75147928994083
8,1,8,katara,duty_honor,0.0
8,1,8,katara,identity,5.9171597633136095
8,1,8,katara,justice,5.9171597633136095
8,1,8,sokka,compassion,5.952380952380952
8,1,8,sokka,conflict_doubt,5.952380952380952
8,1,8,sokka,duty_honor,0.0
8,1,8,sokka,identity,0.0
8,1,8,sokka,justice,0.0
8,1,8,suki,compassion,0.0
8,1,8,suki,conflict_doubt,0.0
8,1,8,suki,duty_honor,0.0
8,1,8,suki,identity,0.0
8,1,8,suki,justice,0.0
8,1,8,toph,compassion,0.0
8,1,8,toph,conflict_doubt,0.0
8,1,8,toph,duty_honor,0.0
8,1,8,toph,identity,0.0
8,1,8,toph,justice,0.0
8,1,8,zuko,compassion,22.058823529411764
8,1,8,zuko,conflict_doubt,7.352941176470588
8,1,8,zuko,duty_honor,0.0
8,1,8,zuko,identity,7.352941176470588
8,1,8,zuko,justice,0.0
9,1,9,aang,compassion,5.714285714285714
9,1,9,aang,conflict_doubt,5.714285714285714
9,1,9,aang,duty_honor,0.0
9,1,9,aang,identity,0.0
9,1,9,aang,justice,8.571428571428571
9,1,9,katara,compassion,13.536379018612521
9,1,9,katara,conflict_doubt,8.460236886632826
9,1,9,katara,duty_honor,0.0
9,1,9,katara,identity,1.6920473773265652
9,1,9,katara,justice,6.768189509306261
9,1,9,sokka,compassion,6.993006993006993
9,1,9,sokka,conflict_doubt,6.993006993006993
9,1,9,sokka,duty_honor,0.0
9,1,9,sokka,identity,2.331002331002331
9,1,9,sokka,justice,0.0
9,1,9,suki,compassion,0.0
9,1,9,suki,conflict_doubt,0.0
9,1,9,suki,duty_honor,0.0
9,1,9,suki,identity,0.0
9,1,9,suki,justice,0.0
9,1,9,toph,compassion,0.0
9,1,9,toph,conflict_doubt,0.0
9,1,9,toph,duty_honor,0.0
9,1,9,toph,identity,0.0
9,1,9,toph,justice,0.0
9,1,9,zuko,compassion,13.333333333333334
9,1,9,zuko,conflict_doubt,8.88888888888889
9,1,9,zuko,duty_honor,4.444444444444445
9,1,9,zuko,identity,8.88888888888889
9,1,9,zuko,justice,4.444444444444445
10,1,10,aang,compassion,3.968253968253968
10,1,10,aang,conflict_doubt,0.0
10,1,10,aang,duty_honor,0.0
10,1,10,aang,identity,7.936507936507936
10,1,10,aang,justice,15.873015873015872
10,1,10,katara,compassion,9.501187648456057
10,1,10,katara,conflict_doubt,14.251781472684087
10,1,10,katara,duty_honor,0.0
10,1,10,katara,identity,0.0
10,1,10,katara,justice,0.0
10,1,10,sokka,compassion,13.333333333333334
10,1,10,sokka,conflict_doubt,7.619047619047619
10,1,10,sokka,duty_honor,0.0
10,1,10,sokka,identity,3.8095238095238093
10,1,10,sokka,justice,7.619047619047619
10,1,10,suki,compassion,0.0
10,1,10,suki,conflict_doubt,0.0
10,1,10,suki,duty_honor,0.0
10,1,10,suki,identity,0.0
10,1,10,suki,justice,0.0
10,1,10,toph,compassion,0.0
10,1,10,toph,conflict_doubt,0.0
10,1,10,toph,duty_honor,0.0
10,1,10,toph,identity,0.0
10,1,10,toph,justice,0.0
10,1,10,zuko,compassion,0.0
10,1,10,zuko,conflict_doubt,0.0
10,1,10,zuko,duty_honor,0.0
10,1,10,zuko,identity,0.0
10,1,10,zuko,justice,0.0
11,1,11,aang,compassion,13.003901170351105
11,1,11,aang,conflict_doubt,5.201560468140443
11,1,11,aang,duty_honor,2.6007802340702213
11,1,11,aang,identity,1.3003901170351106
11,1,11,aang,justice,2.6007802340702213
11,1,11,katara,compassion,4.081632653061225
11,1,11,katara,conflict_doubt,4.081632653061225
11,1,11,katara,duty_honor,0.0
11,1,11,katara,identity,0.0
11,1,11,katara,justice,4.081632653061225
11,1,11,sokka,compassion,12.048192771084338
11,1,11,sokka,conflict_doubt,4.016064257028112
11,1,11,sokka,duty_honor,0.0
11,1,11,sokka,identity,0.0
11,1,11,sokka,justice,8.032128514056224
11,1,11,suki,compassion,0.0
11,1,11,suki,conflict_doubt,0.0
11,1,11,suki,duty_honor,0.0
11,1,11,suki,identity,0.0
11,1,11,suki,justice,0.0
11,1,11,toph,compassion,0.0
11,1,11,toph,conflict_doubt,0.0
11,1,11,toph,duty_honor,0.0
11,1,11,toph,identity,0.0
11,1,11,toph,justice,0.0
11,1,11,zuko,compassion,0.0
11,1,11,zuko,conflict_doubt,0.0
11,1,11,zuko,duty_honor,0.0
11,1,11,zuko,identity,0.0
11,1,11,zuko,justice,0.0
12,1,12,aang,compassion,9.30232558139535
12,1,12,aang,conflict_doubt,16.27906976744186
12,1,12,aang,duty_honor,0.0
12,1,12,aang,identity,2.3255813953488373
12,1,12,aang,justice,4.651162790697675
12,1,12,katara,compassion,10.309278350515465
12,1,12,katara,conflict_doubt,6.8728522336769755
12,1,12,katara,duty_honor,0.0
12,1,12,katara,identity,10.309278350515465
12,1,12,katara,justice,17.182130584192443
12,1,12,sokka,compassion,0.0
12,1,12,sokka,conflict_doubt,13.986013986013987
12,1,12,sokka,duty_honor,0.0
12,1,12,sokka,identity,0.0
12,1,12,sokka,justice,6.993006993006993
12,1,12,suki,compassion,0.0
12,1,12,suki,conflict_doubt,0.0
12,1,12,suki,duty_honor,0.0
12,1,12,suki,identity,0.0
12,1,12,suki,justice,0.0
12,1,12,toph,compassion,0.0
12,1,12,toph,conflict_doubt,0.0
12,1,12,toph,duty_honor,0.0
12,1,12,toph,identity,0.0
12,1,12,toph,justice,0.0
12,1,12,zuko,compassion,21.978021978021978
12,1,12,zuko,conflict_doubt,0.0
12,1,12,zuko,duty_honor,0.0
12,1,12,zuko,identity,0.0
12,1,12,zuko,justice,0.0
13,1,13,aang,compassion,11.76470588235294
13,1,13,aang,conflict_doubt,2.941176470588235
13,1,13,aang,duty_honor,0.0
13,1,13,aang,identity,0.0
13,1,13,aang,justice,2.941176470588235
13,1,13,katara,compassion,0.0
13,1,13,katara,conflict_doubt,17.391304347826086
13,1,13,katara,duty_honor,0.0
13,1,13,katara,identity,0.0
13,1,13,katara,justice,0.0
13,1,13,sokka,compassion,0.0
13,1,13,sokka,conflict_doubt,0.0
13,1,13,sokka,duty_honor,0.0
13,1,13,sokka,identity,0.0
13,1,13,sokka,justice,0.0
13,1,13,suki,compassion,0.0
13,1,13,suki,conflict_doubt,0.0
13,1,13,suki,duty_honor,0.0
13,1,13,suki,identity,0.0
13,1,13,suki,justice,0.0
13,1,13,toph,compassion,0.0
13,1,13,toph,conflict_doubt,0.0
13,1,13,toph,duty_honor,0.0
13,1,13,toph,identity,0.0
13,1,13,toph,justice,0.0
13,1,13,zuko,compassion,15.625
13,1,13,zuko,conflict_doubt,0.0
13,1,13,zuko,duty_honor,15.625
13,1,13,zuko,identity,0.0
13,1,13,zuko,justice,0.0
14,1,14,aang,compassion,3.372681281618887
14,1,14,aang,conflict_doubt,6.745362563237774
14,1,14,aang,duty_honor,0.0
14,1,14,aang,identity,1.6863406408094435
14,1,14,aang,justice,6.745362563237774
14,1,14,katara,compassion,15.113350125944583
14,1,14,katara,conflict_doubt,22.670025188916874
14,1,14,katara,duty_honor,0.0
14,1,14,katara,identity,5.037783375314861
14,1,14,katara,justice,7.556675062972292
14,1,14,sokka,compassion,14.331210191082803
14,1,14,sokka,conflict_doubt,9.554140127388534
14,1,14,sokka,duty_honor,0.0
14,1,14,sokka,identity,3.1847133757961785
14,1,14,sokka,justice,6.369426751592357
14,1,14,suki,compassion,0.0
14,1,14,suki,conflict_doubt,0.0
14,1,14,suki,duty_honor,0.0
14,1,14,suki,identity,0.0
14,1,14,suki,justice,0.0
14,1,14,toph,compassion,0.0
14,1,14,toph,conflict_doubt,0.0
14,1,14,toph,duty_honor,0.0
14,1,14,toph,identity,0.0
14,1,14,toph,justice,0.0
14,1,14,zuko,compassion,0.0
14,1,14,zuko,conflict_doubt,0.0
14,1,14,zuko,duty_honor,0.0
14,1,14,zuko,identity,0.0
14,1,14,zuko,justice,0.0
15,1,15,aang,compassion,30.534351145038165
15,1,15,aang,conflict_doubt,19.083969465648856
15,1,15,aang,duty_honor,3.8167938931297707
15,1,15,aang,identity,0.0
15,1,15,aang,justice,0.0
15,1,15,katara,compassion,0.0
15,1,15,katara,conflict_doubt,0.0
15,1,15,katara,duty_honor,0.0
15,1,15,katara,identity,0.0
15,1,15,katara,justice,4.854368932038835
15,1,15,sokka,compassion,4.750593824228028
15,1,15,sokka,conflict_doubt,11.876484560570072
15,1,15,sokka,duty_honor,0.0
15,1,15,sokka,identity,0.0
15,1,15,sokka,justice,7.125890736342043
15,1,15,suki,compassion,0.0
15,1,15,suki,conflict_doubt,0.0
15,1,15,suki,duty_honor,0.0
15,1,15,suki,identity,0.0
15,1,15,suki,justice,0.0
15,1,15,toph,compassion,0.0
15,1,15,toph,conflict_doubt,0.0
15,1,15,toph,duty_honor,0.0
15,1,15,toph,identity,0.0
15,1,15,toph,justice,0.0
15,1,15,zuko,compassion,0.0
15,1,15,zuko,conflict_doubt,0.0
15,1,15,zuko,duty_honor,0.0
15,1,15,zuko,identity,7.246376811594203
15,1,15,zuko,justice,0.0
16,1,16,aang,compassion,11.25703564727955
16,1,16,aang,conflict_doubt,5.628517823639775
16,1,16,aang,duty_honor,3.75234521575985
16,1,16,aang,identity,0.0
16,1,16,aang,justice,1.876172607879925
16,1,16,katara,compassion,5.649717514124294
16,1,16,katara,conflict_doubt,16.949152542372882
16,1,16,katara,duty_honor,0.0
16,1,16,katara,identity,5.649717514124294
16,1,16,katara,justice,5.649717514124294
16,1,16,sokka,compassion,6.920415224913495
16,1,16,sokka,conflict_doubt,3.4602076124567476
16,1,16,sokka,duty_honor,0.0
16,1,16,sokka,identity,0.0
16,1,16,sokka,justice,6.920415224913495
16,1,16,suki,compassion,0.0
16,1,16,suki,conflict_doubt,0.0
16,1,16,suki,duty_honor,0.0
16,1,16,suki,identity,0.0
16,1,16,suki,justice,0.0
16,1,16,toph,compassion,0.0
16,1,16,toph,conflict_doubt,0.0
16,1,16,toph,duty_honor,0.0
16,1,16,toph,identity,0.0
16,1,16,toph,justice,0.0
16,1,16,zuko,compassion,0.0
16,1,16,zuko,conflict_doubt,0.0
16,1,16,zuko,duty_honor,0.0
16,1,16,zuko,identity,0.0
16,1,16,zuko,justice,0.0
17,1,17,aang,compassion,4.842615012106537
17,1,17,aang,conflict_doubt,14.527845036319613
17,1,17,aang,duty_honor,0.0
17,1,17,aang,identity,0.0
17,1,17,aang,justice,0.0
17,1,17,katara,compassion,9.900990099009901
17,1,17,katara,conflict_doubt,14.85148514851485
17,1,17,katara,duty_honor,0.0
17,1,17,katara,identity,4.9504950495049505
17,1,17,katara,justice,9.900990099009901
17,1,17,sokka,compassion,3.0864197530864197
17,1,17,sokka,conflict_doubt,9.25925925925926
17,1,17,sokka,duty_honor,0.0
17,1,17,sokka,identity,0.0
17,1,17,sokka,justice,3.0864197530864197
17,1,17,suki,compassion,0.0
17,1,17,suki,conflict_doubt,0.0
17,1,17,suki,duty_honor,0.0
17,1,17,suki,identity,0.0
17,1,17,suki,justice,0.0
17,1,17,toph,compassion,0.0
17,1,17,toph,conflict_doubt,0.0
17,1,17,toph,duty_honor,0.0
17,1,17,toph,identity,0.0
17,1,17,toph,justice,0.0
17,1,17,zuko,compassion,0.0
17,1,17,zuko,conflict_doubt,0.0
17,1,17,zuko,duty_honor,0.0
17,1,17,zuko,identity,0.0
17,1,17,zuko,justice,0.0
18,1,18,aang,compassion,19.35483870967742
18,1,18,aang,conflict_doubt,25.806451612903224
18,1,18,aang,duty_honor,0.0
18,1,18,aang,identity,0.0
18,1,18,aang,justice,0.0
18,1,18,katara,compassion,5.235602094240838
18,1,18,katara,conflict_doubt,13.089005235602095
18,1,18,katara,duty_honor,0.0
18,1,18,katara,identity,7.853403141361256
18,1,18,katara,justice,0.0
18,1,18,sokka,compassion,6.369426751592357
18,1,18,sokka,conflict_doubt,15.92356687898089
18,1,18,sokka,duty_honor,0.0
18,1,18,sokka,identity,12.738853503184714
18,1,18,sokka,justice,0.0
18,1,18,suki,compassion,0.0
18,1,18,suki,conflict_doubt,0.0
18,1,18,suki,duty_honor,0.0
18,1,18,suki,identity,0.0
18,1,18,suki,justice,0.0
18,1,18,toph,compassion,0.0
18,1,18,toph,conflict_doubt,0.0
18,1,18,toph,duty_honor,0.0
18,1,18,toph,identity,0.0
18,1,18,toph,justice,0.0
18,1,18,zuko,compassion,0.0
18,1,18,zuko,conflict_doubt,0.0
18,1,18,zuko,duty_honor,0.0
18,1,18,zuko,identity,50.0
18,1,18,zuko,justice,0.0
19,1,19,aang,compassion,6.5359477124183005
19,1,19,aang,conflict_doubt,32.67973856209151
19,1,19,aang,duty_honor,0.0
19,1,19,aang,identity,0.0
19,1,19,aang,justice,6.5359477124183005
19,1,19,katara,compassion,8.064516129032258
19,1,19,katara,conflict_doubt,0.0
19,1,19,katara,duty_honor,0.0
19,1,19,katara,identity,0.0
19,1,19,katara,justice,8.064516129032258
19,1,19,sokka,compassion,3.745318352059925
19,1,19,sokka,conflict_doubt,3.745318352059925
19,1,19,sokka,duty_honor,0.0
19,1,19,sokka,identity,0.0
19,1,19,sokka,justice,11.235955056179774
19,1,19,suki,compassion,0.0
19,1,19,suki,conflict_doubt,0.0
19,1,19,suki,duty_honor,0.0
19,1,19,suki,identity,0.0
19,1,19,suki,justice,0.0
19,1,19,toph,compassion,0.0
19,1,19,toph,conflict_doubt,0.0
19,1,19,toph,duty_honor,0.0
19,1,19,toph,identity,0.0
19,1,19,toph,justice,0.0
19,1,19,zuko,compassion,0.0
19,1,19,zuko,conflict_doubt,9.803921568627452
19,1,19,zuko,duty_honor,0.0
19,1,19,zuko,identity,0.0
19,1,19,zuko,justice,9.803921568627452
20,1,20,aang,compassion,15.810276679841897
20,1,20,aang,conflict_doubt,7.905138339920948
20,1,20,aang,duty_honor,0.0
20,1,20,aang,identity,0.0
20,1,20,aang,justice,0.0
20,1,20,katara,compassion,28.985507246376812
20,1,20,katara,conflict_doubt,28.985507246376812
20,1,20,katara,duty_honor,0.0
20,1,20,katara,identity,14.492753623188406
20,1,20,katara,justice,14.492753623188406
20,1,20,sokka,compassion,8.474576271186441
20,1,20,sokka,conflict_doubt,16.949152542372882
20,1,20,sokka,duty_honor,0.0
20,1,20,sokka,identity,0.0
20,1,20,sokka,justice,0.0
20,1,20,suki,compassion,0.0
20,1,20,suki,conflict_doubt,0.0
20,1,20,suki,duty_honor,0.0
20,1,20,suki,identity,0.0
20,1,20,suki,justice,0.0
20,1,20,toph,compassion,0.0
20,1,20,toph,conflict_doubt,0.0
20,1,20,toph,duty_honor,0.0
20,1,20,toph,identity,0.0
20,1,20,toph,justice,0.0
20,1,20,zuko,compassion,8.695652173913043
20,1,20,zuko,conflict_doubt,26.08695652173913
20,1,20,zuko,duty_honor,0.0
20,1,20,zuko,identity,17.391304347826086
20,1,20,zuko,justice,0.0
21,2,1,aang,compassion,9.316770186335404
21,2,1,aang,conflict_doubt,15.527950310559007
21,2,1,aang,duty_honor,0.0
21,2,1,aang,identity,12.422360248447204
21,2,1,aang,justice,6.211180124223602
21,2,1,katara,compassion,9.389671361502348
21,2,1,katara,conflict_doubt,18.779342723004696
21,2,1,katara,duty_honor,4.694835680751174
21,2,1,katara,identity,14.084507042253522
21,2,1,katara,justice,9.389671361502348
21,2,1,sokka,compassion,0.0
21,2,1,sokka,conflict_doubt,9.25925925925926
21,2,1,sokka,duty_honor,0.0
21,2,1,sokka,identity,0.0
21,2,1,sokka,justice,0.0
21,2,1,suki,compassion,0.0
21,2,1,suki,conflict_doubt,0.0
21,2,1,suki,duty_honor,0.0
21,2,1,suki,identity,0.0
21,2,1,suki,justice,0.0
21,2,1,toph,compassion,0.0
21,2,1,toph,conflict_doubt,0.0
21,2,1,toph,duty_honor,0.0
21,2,1,toph,identity,0.0
21,2,1,toph,justice,0.0
21,2,1,zuko,compassion,7.194244604316547
21,2,1,zuko,conflict_doubt,0.0
21,2,1,zuko,duty_honor,7.194244604316547
21,2,1,zuko,identity,7.194244604316547
21,2,1,zuko,justice,0.0
22,2,2,aang,compassion,7.751937984496124
22,2,2,aang,conflict_doubt,7.751937984496124
22,2,2,aang,duty_honor,0.0
22,2,2,aang,identity,0.0
22,2,2,aang,justice,7.751937984496124
22,2,2,katara,compassion,17.811704834605596
22,2,2,katara,conflict_doubt,2.544529262086514
22,2,2,katara,duty_honor,0.0
22,2,2,katara,identity,2.544529262086514
22,2,2,katara,justice,7.633587786259541
22,2,2,sokka,compassion,3.236245954692557
22,2,2,sokka,conflict_doubt,3.236245954692557
22,2,2,sokka,duty_honor,0.0
22,2,2,sokka,identity,0.0
22,2,2,sokka,justice,6.472491909385114
22,2,2,suki,compassion,0.0
22,2,2,suki,conflict_doubt,0.0
22,2,2,suki,duty_honor,0.0
22,2,2,suki,identity,0.0
22,2,2,suki,justice,0.0
22,2,2,toph,compassion,0.0
22,2,2,toph,conflict_doubt,0.0
22,2,2,toph,duty_honor,0.0
22,2,2,toph,identity,0.0
22,2,2,toph,justice,0.0
22,2,2,zuko,compassion,17.391304347826086
22,2,2,zuko,conflict_doubt,8.695652173913043
22,2,2,zuko,duty_honor,0.0
22,2,2,zuko,identity,8.695652173913043
22,2,2,zuko,justice,0.0
23,2,3,aang,compassion,15.974440894568689
23,2,3,aang,conflict_doubt,12.779552715654951
23,2,3,aang,duty_honor,0.0
23,2,3,aang,identity,6.3897763578274756
23,2,3,aang,justice,0.0
23,2,3,katara,compassion,9.433962264150942
23,2,3,katara,conflict_doubt,0.0
23,2,3,katara,duty_honor,0.0
23,2,3,katara,identity,0.0
23,2,3,katara,justice,0.0
23,2,3,sokka,compassion,7.8125
23,2,3,sokka,conflict_doubt,7.8125
23,2,3,sokka,duty_honor,0.0
23,2,3,sokka,identity,0.0
23,2,3,sokka,justice,15.625
23,2,3,suki,compassion,0.0
23,2,3,suki,conflict_doubt,0.0
23,2,3,suki,duty_honor,0.0
23,2,3,suki,identity,0.0
23,2,3,suki,justice,0.0
23,2,3,toph,compassion,0.0
23,2,3,toph,conflict_doubt,0.0
23,2,3,toph,duty_honor,0.0
23,2,3,toph,identity,0.0
23,2,3,toph,justice,0.0
23,2,3,zuko,compassion,0.0
23,2,3,zuko,conflict_doubt,0.0
23,2,3,zuko,duty_honor,0.0
23,2,3,zuko,identity,0.0
23,2,3,zuko,justice,0.0
24,2,4,aang,compassion,0.0
24,2,4,aang,conflict_doubt,18.115942028985508
24,2,4,aang,duty_honor,0.0
24,2,4,aang,identity,0.0
24,2,4,aang,justice,3.6231884057971016
24,2,4,katara,compassion,16.260162601626018
24,2,4,katara,conflict_doubt,32.520325203252035
24,2,4,katara,duty_honor,0.0
24,2,4,katara,identity,0.0
24,2,4,katara,justice,8.130081300813009
24,2,4,sokka,compassion,4.081632653061225
24,2,4,sokka,conflict_doubt,6.122448979591836
24,2,4,sokka,duty_honor,0.0
24,2,4,sokka,identity,0.0
24,2,4,sokka,justice,4.081632653061225
24,2,4,suki,compassion,0.0
24,2,4,suki,conflict_doubt,0.0
24,2,4,suki,duty_honor,0.0
24,2,4,suki,identity,0.0
24,2,4,suki,justice,0.0
24,2,4,toph,compassion,0.0
24,2,4,toph,conflict_doubt,0.0
24,2,4,toph,duty_honor,0.0
24,2,4,toph,identity,0.0
24,2,4,toph,justice,0.0
24,2,4,zuko,compassion,0.0
24,2,4,zuko,conflict_doubt,58.8235294117647
24,2,4,zuko,duty_honor,0.0
24,2,4,zuko,identity,0.0
24,2,4,zuko,justice,0.0
25,2,5,aang,compassion,21.1864406779661
25,2,5,aang,conflict_doubt,12.711864406779663
25,2,5,aang,duty_honor,4.237288135593221
25,2,5,aang,identity,8.474576271186441
25,2,5,aang,justice,12.711864406779663
25,2,5,katara,compassion,10.714285714285714
25,2,5,katara,conflict_doubt,7.142857142857142
25,2,5,katara,duty_honor,3.571428571428571
25,2,5,katara,identity,0.0
25,2,5,katara,justice,3.571428571428571
25,2,5,sokka,compassion,2.34192037470726
25,2,5,sokka,conflict_doubt,0.0
25,2,5,sokka,duty_honor,0.0
25,2,5,sokka,identity,7.02576112412178
25,2,5,sokka,justice,2.34192037470726
25,2,5,suki,compassion,0.0
25,2,5,suki,conflict_doubt,0.0
25,2,5,suki,duty_honor,0.0
25,2,5,suki,identity,0.0
25,2,5,suki,justice,0.0
25,2,5,toph,compassion,0.0
25,2,5,toph,conflict_doubt,0.0
25,2,5,toph,duty_honor,0.0
25,2,5,toph,identity,0.0
25,2,5,toph,justice,0.0
25,2,5,zuko,compassion,33.333333333333336
25,2,5,zuko,conflict_doubt,0.0
25,2,5,zuko,duty_honor,16.666666666666668
25,2,5,zuko,identity,0.0
25,2,5,zuko,justice,0.0
26,2,6,aang,compassion,2.9940119760479043
26,2,6,aang,conflict_doubt,5.9880239520958085
26,2,6,aang,duty_honor,0.0
26,2,6,aang,identity,0.0
26,2,6,aang,justice,2.9940119760479043
26,2,6,katara,compassion,4.504504504504505
26,2,6,katara,conflict_doubt,13.513513513513514
26,2,6,katara,duty_honor,0.0
26,2,6,katara,identity,0.0
26,2,6,katara,justice,13.513513513513514
26,2,6,sokka,compassion,10.752688172043012
26,2,6,sokka,conflict_doubt,10.752688172043012
26,2,6,sokka,duty_honor,0.0
26,2,6,sokka,identity,0.0
26,2,6,sokka,justice,0.0
26,2,6,suki,compassion,0.0
26,2,6,suki,conflict_doubt,0.0
26,2,6,suki,duty_honor,0.0
26,2,6,suki,identity,0.0
26,2,6,suki,justice,0.0
26,2,6,toph,compassion,18.469656992084435
26,2,6,toph,conflict_doubt,0.0
26,2,6,toph,duty_honor,0.0
26,2,6,toph,identity,7.9155672823219
26,2,6,toph,justice,0.0
26,2,6,zuko,compassion,0.0
26,2,6,zuko,conflict_doubt,0.0
26,2,6,zuko,duty_honor,0.0
26,2,6,zuko,identity,0.0
26,2,6,zuko,justice,0.0
27,2,7,aang,compassion,0.0
27,2,7,aang,conflict_doubt,0.0
27,2,7,aang,duty_honor,0.0
27,2,7,aang,identity,0.0
27,2,7,aang,justice,0.0
27,2,7,katara,compassion,0.0
27,2,7,katara,conflict_doubt,0.0
27,2,7,katara,duty_honor,0.0
27,2,7,katara,identity,0.0
27,2,7,katara,justice,0.0
27,2,7,sokka,compassion,0.0
27,2,7,sokka,conflict_doubt,0.0
27,2,7,sokka,duty_honor,0.0
27,2,7,sokka,identity,0.0
27,2,7,sokka,justice,0.0
27,2,7,suki,compassion,0.0
27,2,7,suki,conflict_doubt,0.0
27,2,7,suki,duty_honor,0.0
27,2,7,suki,identity,0.0
27,2,7,suki,justice,0.0
27,2,7,toph,compassion,0.0
27,2,7,toph,conflict_doubt,0.0
27,2,7,toph,duty_honor,0.0
27,2,7,toph,identity,0.0
27,2,7,toph,justice,0.0
27,2,7,zuko,compassion,5.617977528089887
27,2,7,zuko,conflict_doubt,22.47191011235955
27,2,7,zuko,duty_honor,0.0
27,2,7,zuko,identity,11.235955056179774
27,2,7,zuko,justice,5.617977528089887
28,2,8,aang,compassion,9.868421052631579
28,2,8,aang,conflict_doubt,23.02631578947368
28,2,8,aang,duty_honor,0.0
28,2,8,aang,identity,3.289473684210526
28,2,8,aang,justice,16.44736842105263
28,2,8,katara,compassion,9.280742459396752
28,2,8,katara,conflict_doubt,11.600928074245939
28,2,8,katara,duty_honor,0.0
28,2,8,katara,identity,0.0
28,2,8,katara,justice,2.320185614849188
28,2,8,sokka,compassion,0.0
28,2,8,sokka,conflict_doubt,10.033444816053512
28,2,8,sokka,duty_honor,0.0
28,2,8,sokka,identity,0.0
28,2,8,sokka,justice,3.3444816053511706
28,2,8,suki,compassion,0.0
28,2,8,suki,conflict_doubt,0.0
28,2,8,suki,duty_honor,0.0
28,2,8,suki,identity,0.0
28,2,8,suki,justice,0.0
28,2,8,toph,compassion,16.867469879518072
28,2,8,toph,conflict_doubt,7.228915662650603
28,2,8,toph,duty_honor,0.0
28,2,8,toph,identity,7.228915662650603
28,2,8,toph,justice,0.0
28,2,8,zuko,compassion,0.0
28,2,8,zuko,conflict_doubt,0.0
28,2,8,zuko,duty_honor,0.0
28,2,8,zuko,identity,0.0
28,2,8,zuko,justice,0.0
29,2,9,aang,compassion,9.09090909090909
29,2,9,aang,conflict_doubt,34.090909090909086
29,2,9,aang,duty_honor,0.0
29,2,9,aang,identity,0.0
29,2,9,aang,justice,4.545454545454545
29,2,9,katara,compassion,9.216589861751151
29,2,9,katara,conflict_doubt,9.216589861751151
29,2,9,katara,duty_honor,0.0
29,2,9,katara,identity,0.0
29,2,9,katara,justice,18.433179723502302
29,2,9,sokka,compassion,5.333333333333333
29,2,9,sokka,conflict_doubt,5.333333333333333
29,2,9,sokka,duty_honor,0.0
29,2,9,sokka,identity,2.6666666666666665
29,2,9,sokka,justice,2.6666666666666665
29,2,9,suki,compassion,0.0
29,2,9,suki,conflict_doubt,0.0
29,2,9,suki,duty_honor,0.0
29,2,9,suki,identity,0.0
29,2,9,suki,justice,0.0
29,2,9,toph,compassion,4.587155963302752
29,2,9,toph,conflict_doubt,2.293577981651376
29,2,9,toph,duty_honor,0.0
29,2,9,toph,identity,2.293577981651376
29,2,9,toph,justice,2.293577981651376
29,2,9,zuko,compassion,13.215859030837004
29,2,9,zuko,conflict_doubt,13.215859030837004
29,2,9,zuko,duty_honor,4.405286343612335
29,2,9,zuko,identity,4.405286343612335
29,2,9,zuko,justice,0.0
30,2,10,aang,compassion,7.722007722007723
30,2,10,aang,conflict_doubt,11.583011583011583
30,2,10,aang,duty_honor,0.0
30,2,10,aang,identity,7.722007722007723
30,2,10,aang,justice,0.0
30,2,10,katara,compassion,5.291005291005291
30,2,10,katara,conflict_doubt,10.582010582010582
30,2,10,katara,duty_honor,0.0
30,2,10,katara,identity,0.0
30,2,10,katara,justice,15.873015873015872
30,2,10,sokka,compassion,4.316546762589928
30,2,10,sokka,conflict_doubt,10.071942446043165
30,2,10,sokka,duty_honor,0.0
30,2,10,sokka,identity,1.4388489208633093
30,2,10,sokka,justice,4.316546762589928
30,2,10,suki,compassion,0.0
30,2,10,suki,conflict_doubt,0.0
30,2,10,suki,duty_honor,0.0
30,2,10,suki,identity,0.0
30,2,10,suki,justice,0.0
30,2,10,toph,compassion,4.761904761904763
30,2,10,toph,conflict_doubt,9.523809523809526
30,2,10,toph,duty_honor,0.0
30,2,10,toph,identity,0.0
30,2,10,toph,justice,4.761904761904763
30,2,10,zuko,compassion,0.0
30,2,10,zuko,conflict_doubt,0.0
30,2,10,zuko,duty_honor,0.0
30,2,10,zuko,identity,0.0
30,2,10,zuko,justice,0.0
31,2,11,aang,compassion,23.25581395348837
31,2,11,aang,conflict_doubt,11.627906976744185
31,2,11,aang,duty_honor,0.0
31,2,11,aang,identity,5.813953488372093
31,2,11,aang,justice,0.0
31,2,11,katara,compassion,13.513513513513514
31,2,11,katara,conflict_doubt,9.652509652509652
31,2,11,katara,duty_honor,0.0
31,2,11,katara,identity,0.0
31,2,11,katara,justice,5.7915057915057915
31,2,11,sokka,compassion,15.748031496062993
31,2,11,sokka,conflict_doubt,7.874015748031496
31,2,11,sokka,duty_honor,0.0
31,2,11,sokka,identity,3.937007874015748
31,2,11,sokka,justice,11.811023622047244
31,2,11,suki,compassion,0.0
31,2,11,suki,conflict_doubt,0.0
31,2,11,suki,duty_honor,0.0
31,2,11,suki,identity,0.0
31,2,11,suki,justice,0.0
31,2,11,toph,compassion,9.70873786407767
31,2,11,toph,conflict_doubt,4.854368932038835
31,2,11,toph,duty_honor,0.0
31,2,11,toph,identity,4.854368932038835
31,2,11,toph,justice,0.0
31,2,11,zuko,compassion,26.08695652173913
31,2,11,zuko,conflict_doubt,17.391304347826086
31,2,11,zuko,duty_honor,0.0
31,2,11,zuko,identity,0.0
31,2,11,zuko,justice,0.0
32,2,12,aang,compassion,18.51851851851852
32,2,12,aang,conflict_doubt,12.345679012345679
32,2,12,aang,duty_honor,0.0
32,2,12,aang,identity,3.0864197530864197
32,2,12,aang,justice,3.0864197530864197
32,2,12,katara,compassion,35.15625
32,2,12,katara,conflict_doubt,11.71875
32,2,12,katara,duty_honor,0.0
32,2,12,katara,identity,3.90625
32,2,12,katara,justice,0.0
32,2,12,sokka,compassion,11.037527593818986
32,2,12,sokka,conflict_doubt,11.037527593818986
32,2,12,sokka,duty_honor,0.0
32,2,12,sokka,identity,2.207505518763797
32,2,12,sokka,justice,8.830022075055188
32,2,12,suki,compassion,22.0125786163522
32,2,12,suki,conflict_doubt,3.1446540880503147
32,2,12,suki,duty_honor,0.0
32,2,12,suki,identity,3.1446540880503147
32,2,12,suki,justice,0.0
32,2,12,toph,compassion,27.027027027027028
32,2,12,toph,conflict_doubt,13.513513513513514
32,2,12,toph,duty_honor,0.0
32,2,12,toph,identity,6.756756756756757
32,2,12,toph,justice,0.0
32,2,12,zuko,compassion,0.0
32,2,12,zuko,conflict_doubt,0.0
32,2,12,zuko,duty_honor,0.0
32,2,12,zuko,identity,0.0
32,2,12,zuko,justice,0.0
33,2,13,aang,compassion,0.0
33,2,13,aang,conflict_doubt,12.345679012345679
33,2,13,aang,duty_honor,0.0
33,2,13,aang,identity,0.0
33,2,13,aang,justice,0.0
33,2,13,katara,compassion,5.1020408163265305
33,2,13,katara,conflict_doubt,5.1020408163265305
33,2,13,katara,duty_honor,0.0
33,2,13,katara,identity,0.0
33,2,13,katara,justice,0.0
33,2,13,sokka,compassion,7.653061224489796
33,2,13,sokka,conflict_doubt,2.5510204081632653
33,2,13,sokka,duty_honor,0.0
33,2,13,sokka,identity,2.5510204081632653
33,2,13,sokka,justice,0.0
33,2,13,suki,compassion,0.0
33,2,13,suki,conflict_doubt,0.0
33,2,13,suki,duty_honor,0.0
33,2,13,suki,identity,0.0
33,2,13,suki,justice,0.0
33,2,13,toph,compassion,20.0
33,2,13,toph,conflict_doubt,20.0
33,2,13,toph,duty_honor,0.0
33,2,13,toph,identity,0.0
33,2,13,toph,justice,0.0
33,2,13,zuko,compassion,0.0
33,2,13,zuko,conflict_doubt,0.0
33,2,13,zuko,duty_honor,0.0
33,2,13,zuko,identity,0.0
33,2,13,zuko,justice,0.0
34,2,14,aang,compassion,5.208333333333333
34,2,14,aang,conflict_doubt,10.416666666666666
34,2,14,aang,duty_honor,0.0
34,2,14,aang,identity,0.0
34,2,14,aang,justice,0.0
34,2,14,katara,compassion,26.31578947368421
34,2,14,katara,conflict_doubt,13.157894736842104
34,2,14,katara,duty_honor,0.0
34,2,14,katara,identity,0.0
34,2,14,katara,justice,4.385964912280701
34,2,14,sokka,compassion,0.0
34,2,14,sokka,conflict_doubt,7.772020725388601
34,2,14,sokka,duty_honor,0.0
34,2,14,sokka,identity,0.0
34,2,14,sokka,justice,2.5906735751295336
34,2,14,suki,compassion,0.0
34,2,14,suki,conflict_doubt,0.0
34,2,14,suki,duty_honor,0.0
34,2,14,suki,identity,0.0
34,2,14,suki,justice,0.0
34,2,14,toph,compassion,0.0
34,2,14,toph,conflict_doubt,5.154639175257732
34,2,14,toph,duty_honor,0.0
34,2,14,toph,identity,0.0
34,2,14,toph,justice,0.0
34,2,14,zuko,compassion,20.833333333333332
34,2,14,zuko,conflict_doubt,0.0
34,2,14,zuko,duty_honor,0.0
34,2,14,zuko,identity,0.0
34,2,14,zuko,justice,0.0
35,2,15,aang,compassion,0.0
35,2,15,aang,conflict_doubt,0.0
35,2,15,aang,duty_honor,0.0
35,2,15,aang,identity,0.0
35,2,15,aang,justice,20.0
35,2,15,katara,compassion,9.433962264150942
35,2,15,katara,conflict_doubt,0.0
35,2,15,katara,duty_honor,0.0
35,2,15,katara,identity,0.0
35,2,15,katara,justice,0.0
35,2,15,sokka,compassion,10.989010989010989
35,2,15,sokka,conflict_doubt,0.0
35,2,15,sokka,duty_honor,0.0
35,2,15,sokka,identity,21.978021978021978
35,2,15,sokka,justice,21.978021978021978
35,2,15,suki,compassion,0.0
35,2,15,suki,conflict_doubt,0.0
35,2,15,suki,duty_honor,0.0
35,2,15,suki,identity,0.0
35,2,15,suki,justice,0.0
35,2,15,toph,compassion,7.518796992481203
35,2,15,toph,conflict_doubt,0.0
35,2,15,toph,duty_honor,0.0
35,2,15,toph,identity,37.59398496240601
35,2,15,toph,justice,0.0
35,2,15,zuko,compassion,0.0
35,2,15,zuko,conflict_doubt,0.0
35,2,15,zuko,duty_honor,0.0
35,2,15,zuko,identity,0.0
35,2,15,zuko,justice,0.0
36,2,16,aang,compassion,71.42857142857143
36,2,16,aang,conflict_doubt,0.0
36,2,16,aang,duty_honor,0.0
36,2,16,aang,identity,0.0
36,2,16,aang,justice,0.0
36,2,16,katara,compassion,0.0
36,2,16,katara,conflict_doubt,0.0
36,2,16,katara,duty_honor,0.0
36,2,16,katara,identity,0.0
36,2,16,katara,justice,0.0
36,2,16,sokka,compassion,0.0
36,2,16,sokka,conflict_doubt,0.0
36,2,16,sokka,duty_honor,0.0
36,2,16,sokka,identity,0.0
36,2,16,sokka,justice,0.0
36,2,16,suki,compassion,34.013605442176875
36,2,16,suki,conflict_doubt,6.802721088435374
36,2,16,suki,duty_honor,6.802721088435374
36,2,16,suki,identity,0.0
36,2,16,suki,justice,0.0
36,2,16,toph,compassion,83.33333333333333
36,2,16,toph,conflict_doubt,0.0
36,2,16,toph,duty_honor,0.0
36,2,16,toph,identity,0.0
36,2,16,toph,justice,0.0
36,2,16,zuko,compassion,0.0
36,2,16,zuko,conflict_doubt,0.0
36,2,16,zuko,duty_honor,0.0
36,2,16,zuko,identity,0.0
36,2,16,zuko,justice,0.0
37,2,17,aang,compassion,15.56420233463035
37,2,17,aang,conflict_doubt,11.673151750972762
37,2,17,aang,duty_honor,0.0
37,2,17,aang,identity,0.0
37,2,17,aang,justice,3.8910505836575875
37,2,17,katara,compassion,18.09954751131222
37,2,17,katara,conflict_doubt,22.62443438914027
37,2,17,katara,duty_honor,0.0
37,2,17,katara,identity,0.0
37,2,17,katara,justice,13.574660633484163
37,2,17,sokka,compassion,0.0
37,2,17,sokka,conflict_doubt,30.434782608695652
37,2,17,sokka,duty_honor,0.0
37,2,17,sokka,identity,0.0
37,2,17,sokka,justice,4.3478260869565215
37,2,17,suki,compassion,0.0
37,2,17,suki,conflict_doubt,0.0
37,2,17,suki,duty_honor,0.0
37,2,17,suki,identity,0.0
37,2,17,suki,justice,0.0
37,2,17,toph,compassion,0.0
37,2,17,toph,conflict_doubt,8.403361344537815
37,2,17,toph,duty_honor,0.0
37,2,17,toph,identity,0.0
37,2,17,toph,justice,8.403361344537815
37,2,17,zuko,compassion,0.0
37,2,17,zuko,conflict_doubt,0.0
37,2,17,zuko,duty_honor,18.34862385321101
37,2,17,zuko,identity,0.0
37,2,17,zuko,justice,0.0
38,2,18,aang,compassion,17.182130584192443
38,2,18,aang,conflict_doubt,3.4364261168384878
38,2,18,aang,duty_honor,0.0
38,2,18,aang,identity,0.0
38,2,18,aang,justice,6.8728522336769755
38,2,18,katara,compassion,18.656716417910445
38,2,18,katara,conflict_doubt,7.462686567164179
38,2,18,katara,duty_honor,0.0
38,2,18,katara,identity,7.462686567164179
38,2,18,katara,justice,3.7313432835820897
38,2,18,sokka,compassion,10.79136690647482
38,2,18,sokka,conflict_doubt,5.39568345323741
38,2,18,sokka,duty_honor,0.0
38,2,18,sokka,identity,1.7985611510791368
38,2,18,sokka,justice,5.39568345323741
38,2,18,suki,compassion,0.0
38,2,18,suki,conflict_doubt,0.0
38,2,18,suki,duty_honor,0.0
38,2,18,suki,identity,0.0
38,2,18,suki,justice,0.0
38,2,18,toph,compassion,7.042253521126761
38,2,18,toph,conflict_doubt,21.12676056338028
38,2,18,toph,duty_honor,0.0
38,2,18,toph,identity,0.0
38,2,18,toph,justice,0.0
38,2,18,zuko,compassion,0.0
38,2,18,zuko,conflict_doubt,0.0
38,2,18,zuko,duty_honor,0.0
38,2,18,zuko,identity,71.42857142857143
38,2,18,zuko,justice,71.42857142857143
39,2,19,aang,compassion,3.9840637450199203
39,2,19,aang,conflict_doubt,15.936254980079681
39,2,19,aang,duty_honor,0.0
39,2,19,aang,identity,0.0
39,2,19,aang,justice,3.9840637450199203
39,2,19,katara,compassion,11.363636363636363
39,2,19,katara,conflict_doubt,0.0
39,2,19,katara,duty_honor,0.0
39,2,19,katara,identity,0.0
39,2,19,katara,justice,22.727272727272727
39,2,19,sokka,compassion,0.0
39,2,19,sokka,conflict_doubt,40.54054054054054
39,2,19,sokka,duty_honor,0.0
39,2,19,sokka,identity,13.513513513513514
39,2,19,sokka,justice,0.0
39,2,19,suki,compassion,0.0
39,2,19,suki,conflict_doubt,0.0
39,2,19,suki,duty_honor,0.0
39,2,19,suki,identity,0.0
39,2,19,suki,justice,0.0
39,2,19,toph,compassion,0.0
39,2,19,toph,conflict_doubt,0.0
39,2,19,toph,duty_honor,0.0
39,2,19,toph,identity,16.666666666666668
39,2,19,toph,justice,0.0
39,2,19,zuko,compassion,0.0
39,2,19,zuko,conflict_doubt,0.0
39,2,19,zuko,duty_honor,0.0
39,2,19,zuko,identity,0.0
39,2,19,zuko,justice,13.157894736842104
40,2,20,aang,compassion,41.42011834319527
40,2,20,aang,conflict_doubt,23.668639053254438
40,2,20,aang,duty_honor,0.0
40,2,20,aang,identity,5.9171597633136095
40,2,20,aang,justice,5.9171597633136095
40,2,20,katara,compassion,19.90049751243781
40,2,20,katara,conflict_doubt,9.950248756218905
40,2,20,katara,duty_honor,0.0
40,2,20,katara,identity,4.975124378109452
40,2,20,katara,justice,0.0
40,2,20,sokka,compassion,0.0
40,2,20,sokka,conflict_doubt,6.622516556291391
40,2,20,sokka,duty_honor,0.0
40,2,20,sokka,identity,0.0
40,2,20,sokka,justice,13.245033112582782
40,2,20,suki,compassion,0.0
40,2,20,suki,conflict_doubt,0.0
40,2,20,suki,duty_honor,0.0
40,2,20,suki,identity,0.0
40,2,20,suki,justice,0.0
40,2,20,toph,compassion,10.638297872340425
40,2,20,toph,conflict_doubt,0.0
40,2,20,toph,duty_honor,0.0
40,2,20,toph,identity,0.0
40,2,20,toph,justice,0.0
40,2,20,zuko,compassion,15.037593984962406
40,2,20,zuko,conflict_doubt,15.037593984962406
40,2,20,zuko,duty_honor,15.037593984962406
40,2,20,zuko,identity,7.518796992481203
40,2,20,zuko,justice,7.518796992481203
41,3,1,aang,compassion,0.0
41,3,1,aang,conflict_doubt,14.577259475218659
41,3,1,aang,duty_honor,5.830903790087463
41,3,1,aang,identity,14.577259475218659
41,3,1,aang,justice,8.746355685131196
41,3,1,katara,compassion,11.142061281337048
41,3,1,katara,conflict_doubt,8.356545961002785
41,3,1,katara,duty_honor,2.785515320334262
41,3,1,katara,identity,0.0
41,3,1,katara,justice,0.0
41,3,1,sokka,compassion,0.0
41,3,1,sokka,conflict_doubt,7.662835249042145
41,3,1,sokka,duty_honor,0.0
41,3,1,sokka,identity,0.0
41,3,1,sokka,justice,3.8314176245210727
41,3,1,suki,compassion,0.0
41,3,1,suki,conflict_doubt,0.0
41,3,1,suki,duty_honor,0.0
41,3,1,suki,identity,0.0
41,3,1,suki,justice,0.0
41,3,1,toph,compassion,0.0
41,3,1,toph,conflict_doubt,14.705882352941176
41,3,1,toph,duty_honor,0.0
41,3,1,toph,identity,0.0
41,3,1,toph,justice,0.0
41,3,1,zuko,compassion,0.0
41,3,1,zuko,conflict_doubt,10.0
41,3,1,zuko,duty_honor,0.0
41,3,1,zuko,identity,20.0
41,3,1,zuko,justice,0.0
42,3,2,aang,compassion,4.862236628849271
42,3,2,aang,conflict_doubt,4.862236628849271
42,3,2,aang,duty_honor,0.0
42,3,2,aang,identity,4.862236628849271
42,3,2,aang,justice,8.103727714748784
42,3,2,katara,compassion,0.0
42,3,2,katara,conflict_doubt,9.433962264150942
42,3,2,katara,duty_honor,0.0
42,3,2,katara,identity,18.867924528301884
42,3,2,katara,justice,9.433962264150942
42,3,2,sokka,compassion,8.81057268722467
42,3,2,sokka,conflict_doubt,8.81057268722467
42,3,2,sokka,duty_honor,0.0
42,3,2,sokka,identity,4.405286343612335
42,3,2,sokka,justice,0.0
42,3,2,suki,compassion,0.0
42,3,2,suki,conflict_doubt,0.0
42,3,2,suki,duty_honor,0.0
42,3,2,suki,identity,0.0
42,3,2,suki,justice,0.0
42,3,2,toph,compassion,18.69158878504673
42,3,2,toph,conflict_doubt,18.69158878504673
42,3,2,toph,duty_honor,0.0
42,3,2,toph,identity,0.0
42,3,2,toph,justice,0.0
42,3,2,zuko,compassion,16.064257028112447
42,3,2,zuko,conflict_doubt,8.032128514056224
42,3,2,zuko,duty_honor,0.0
42,3,2,zuko,identity,8.032128514056224
42,3,2,zuko,justice,4.016064257028112
43,3,3,aang,compassion,9.67741935483871
43,3,3,aang,conflict_doubt,9.67741935483871
43,3,3,aang,duty_honor,0.0
43,3,3,aang,identity,3.225806451612903
43,3,3,aang,justice,0.0
43,3,3,katara,compassion,26.378896882494004
43,3,3,katara,conflict_doubt,14.388489208633095
43,3,3,katara,duty_honor,0.0
43,3,3,katara,identity,7.194244604316547
43,3,3,katara,justice,4.796163069544364
43,3,3,sokka,compassion,13.311148086522463
43,3,3,sokka,conflict_doubt,11.647254575707155
43,3,3,sokka,duty_honor,0.0
43,3,3,sokka,identity,1.663893510815308
43,3,3,sokka,justice,8.319467554076539
43,3,3,suki,compassion,0.0
43,3,3,suki,conflict_doubt,0.0
43,3,3,suki,duty_honor,0.0
43,3,3,suki,identity,0.0
43,3,3,suki,justice,0.0
43,3,3,toph,compassion,9.523809523809526
43,3,3,toph,conflict_doubt,38.0952380952381
43,3,3,toph,duty_honor,0.0
43,3,3,toph,identity,9.523809523809526
43,3,3,toph,justice,0.0
43,3,3,zuko,compassion,0.0
43,3,3,zuko,conflict_doubt,0.0
43,3,3,zuko,duty_honor,0.0
43,3,3,zuko,identity,0.0
43,3,3,zuko,justice,0.0
44,3,4,aang,compassion,10.256410256410257
44,3,4,aang,conflict_doubt,10.256410256410257
44,3,4,aang,duty_honor,0.0
44,3,4,aang,identity,0.0
44,3,4,aang,justice,5.128205128205129
44,3,4,katara,compassion,13.513513513513514
44,3,4,katara,conflict_doubt,9.00900900900901
44,3,4,katara,duty_honor,0.0
44,3,4,katara,identity,9.00900900900901
44,3,4,katara,justice,4.504504504504505
44,3,4,sokka,compassion,6.25
44,3,4,sokka,conflict_doubt,10.416666666666666
44,3,4,sokka,duty_honor,4.166666666666667
44,3,4,sokka,identity,18.75
44,3,4,sokka,justice,8.333333333333334
44,3,4,suki,compassion,0.0
44,3,4,suki,conflict_doubt,0.0
44,3,4,suki,duty_honor,0.0
44,3,4,suki,identity,0.0
44,3,4,suki,justice,0.0
44,3,4,toph,compassion,8.695652173913043
44,3,4,toph,conflict_doubt,17.391304347826086
44,3,4,toph,duty_honor,0.0
44,3,4,toph,identity,0.0
44,3,4,toph,justice,0.0
44,3,4,zuko,compassion,0.0
44,3,4,zuko,conflict_doubt,0.0
44,3,4,zuko,duty_honor,0.0
44,3,4,zuko,identity,0.0
44,3,4,zuko,justice,0.0
45,3,5,aang,compassion,0.0
45,3,5,aang,conflict_doubt,50.0
45,3,5,aang,duty_honor,0.0
45,3,5,aang,identity,0.0
45,3,5,aang,justice,0.0
45,3,5,katara,compassion,0.0
45,3,5,katara,conflict_doubt,0.0
45,3,5,katara,duty_honor,0.0
45,3,5,katara,identity,45.45454545454545
45,3,5,katara,justice,0.0
45,3,5,sokka,compassion,0.0
45,3,5,sokka,conflict_doubt,0.0
45,3,5,sokka,duty_honor,0.0
45,3,5,sokka,identity,0.0
45,3,5,sokka,justice,0.0
45,3,5,suki,compassion,0.0
45,3,5,suki,conflict_doubt,0.0
45,3,5,suki,duty_honor,0.0
45,3,5,suki,identity,0.0
45,3,5,suki,justice,0.0
45,3,5,toph,compassion,0.0
45,3,5,toph,conflict_doubt,36.36363636363636
45,3,5,toph,duty_honor,0.0
45,3,5,toph,identity,18.18181818181818
45,3,5,toph,justice,0.0
45,3,5,zuko,compassion,9.7799511002445
45,3,5,zuko,conflict_doubt,12.224938875305625
45,3,5,zuko,duty_honor,0.0
45,3,5,zuko,identity,12.224938875305625
45,3,5,zuko,justice,9.7799511002445
46,3,6,aang,compassion,11.834319526627219
46,3,6,aang,conflict_doubt,11.834319526627219
46,3,6,aang,duty_honor,0.0
46,3,6,aang,identity,0.0
46,3,6,aang,justice,11.834319526627219
46,3,6,katara,compassion,25.0
46,3,6,katara,conflict_doubt,0.0
46,3,6,katara,duty_honor,0.0
46,3,6,katara,identity,0.0
46,3,6,katara,justice,25.0
46,3,6,sokka,compassion,0.0
46,3,6,sokka,conflict_doubt,0.0
46,3,6,sokka,duty_honor,0.0
46,3,6,sokka,identity,0.0
46,3,6,sokka,justice,0.0
46,3,6,suki,compassion,0.0
46,3,6,suki,conflict_doubt,0.0
46,3,6,suki,duty_honor,0.0
46,3,6,suki,identity,0.0
46,3,6,suki,justice,0.0
46,3,6,toph,compassion,0.0
46,3,6,toph,conflict_doubt,0.0
46,3,6,toph,duty_honor,0.0
46,3,6,toph,identity,0.0
46,3,6,toph,justice,0.0
46,3,6,zuko,compassion,0.0
46,3,6,zuko,conflict_doubt,16.260162601626018
46,3,6,zuko,duty_honor,8.130081300813009
46,3,6,zuko,identity,0.0
46,3,6,zuko,justice,0.0
47,3,7,aang,compassion,5.952380952380952
47,3,7,aang,conflict_doubt,35.714285714285715
47,3,7,aang,duty_honor,0.0
47,3,7,aang,identity,0.0
47,3,7,aang,justice,0.0
47,3,7,katara,compassion,7.974481658692184
47,3,7,katara,conflict_doubt,15.948963317384369
47,3,7,katara,duty_honor,0.0
47,3,7,katara,identity,6.379585326953748
47,3,7,katara,justice,4.784688995215311
47,3,7,sokka,compassion,8.771929824561402
47,3,7,sokka,conflict_doubt,5.263157894736842
47,3,7,sokka,duty_honor,1.7543859649122808
47,3,7,sokka,identity,3.5087719298245617
47,3,7,sokka,justice,5.263157894736842
47,3,7,suki,compassion,0.0
47,3,7,suki,conflict_doubt,0.0
47,3,7,suki,duty_honor,0.0
47,3,7,suki,identity,0.0
47,3,7,suki,justice,0.0
47,3,7,toph,compassion,5.457025920873124
47,3,7,toph,conflict_doubt,12.278308321964529
47,3,7,toph,duty_honor,0.0
47,3,7,toph,identity,1.364256480218281
47,3,7,toph,justice,6.8212824010914055
47,3,7,zuko,compassion,0.0
47,3,7,zuko,conflict_doubt,0.0
47,3,7,zuko,duty_honor,0.0
47,3,7,zuko,identity,0.0
47,3,7,zuko,justice,0.0
48,3,8,aang,compassion,0.0
48,3,8,aang,conflict_doubt,12.345679012345679
48,3,8,aang,duty_honor,0.0
48,3,8,aang,identity,0.0
48,3,8,aang,justice,6.172839506172839
48,3,8,katara,compassion,8.319467554076539
48,3,8,katara,conflict_doubt,18.302828618968388
48,3,8,katara,duty_honor,3.327787021630616
48,3,8,katara,identity,0.0
48,3,8,katara,justice,1.663893510815308
48,3,8,sokka,compassion,5.899705014749262
48,3,8,sokka,conflict_doubt,8.849557522123893
48,3,8,sokka,duty_honor,0.0
48,3,8,sokka,identity,5.899705014749262
48,3,8,sokka,justice,2.949852507374631
48,3,8,suki,compassion,0.0
48,3,8,suki,conflict_doubt,0.0
48,3,8,suki,duty_honor,0.0
48,3,8,suki,identity,0.0
48,3,8,suki,justice,0.0
48,3,8,toph,compassion,0.0
48,3,8,toph,conflict_doubt,18.01801801801802
48,3,8,toph,duty_honor,0.0
48,3,8,toph,identity,0.0
48,3,8,toph,justice,0.0
48,3,8,zuko,compassion,0.0
48,3,8,zuko,conflict_doubt,0.0
48,3,8,zuko,duty_honor,0.0
48,3,8,zuko,identity,0.0
48,3,8,zuko,justice,0.0
49,3,9,aang,compassion,4.054054054054054
49,3,9,aang,conflict_doubt,5.405405405405405
49,3,9,aang,duty_honor,0.0
49,3,9,aang,identity,4.054054054054054
49,3,9,aang,justice,2.7027027027027026
49,3,9,katara,compassion,3.8167938931297707
49,3,9,katara,conflict_doubt,19.083969465648856
49,3,9,katara,duty_honor,0.0
49,3,9,katara,identity,3.8167938931297707
49,3,9,katara,justice,3.8167938931297707
49,3,9,sokka,compassion,7.8431372549019605
49,3,9,sokka,conflict_doubt,0.0
49,3,9,sokka,duty_honor,0.0
49,3,9,sokka,identity,0.0
49,3,9,sokka,justice,3.9215686274509802
49,3,9,suki,compassion,0.0
49,3,9,suki,conflict_doubt,0.0
49,3,9,suki,duty_honor,0.0
49,3,9,suki,identity,0.0
49,3,9,suki,justice,0.0
49,3,9,toph,compassion,12.658227848101266
49,3,9,toph,conflict_doubt,0.0
49,3,9,toph,duty_honor,0.0
49,3,9,toph,identity,0.0
49,3,9,toph,justice,12.658227848101266
49,3,9,zuko,compassion,0.0
49,3,9,zuko,conflict_doubt,0.0
49,3,9,zuko,duty_honor,0.0
49,3,9,zuko,identity,11.560693641618496
49,3,9,zuko,justice,11.560693641618496
50,3,10,aang,compassion,0.0
50,3,10,aang,conflict_doubt,19.41747572815534
50,3,10,aang,duty_honor,0.0
50,3,10,aang,identity,4.854368932038835
50,3,10,aang,justice,0.0
50,3,10,katara,compassion,6.944444444444444
50,3,10,katara,conflict_doubt,6.944444444444444
50,3,10,katara,duty_honor,0.0
50,3,10,katara,identity,0.0
50,3,10,katara,justice,6.944444444444444
50,3,10,sokka,compassion,5.263157894736842
50,3,10,sokka,conflict_doubt,10.526315789473683
50,3,10,sokka,duty_honor,0.0
50,3,10,sokka,identity,2.631578947368421
50,3,10,sokka,justice,0.0
50,3,10,suki,compassion,0.0
50,3,10,suki,conflict_doubt,0.0
50,3,10,suki,duty_honor,0.0
50,3,10,suki,identity,0.0
50,3,10,suki,justice,0.0
50,3,10,toph,compassion,13.513513513513514
50,3,10,toph,conflict_doubt,0.0
50,3,10,toph,duty_honor,0.0
50,3,10,toph,identity,0.0
50,3,10,toph,justice,0.0
50,3,10,zuko,compassion,58.8235294117647
50,3,10,zuko,conflict_doubt,0.0
50,3,10,zuko,duty_honor,0.0
50,3,10,zuko,identity,0.0
50,3,10,zuko,justice,58.8235294117647
51,3,11,aang,compassion,0.0
51,3,11,aang,conflict_doubt,13.888888888888888
51,3,11,aang,duty_honor,0.0
51,3,11,aang,identity,0.0
51,3,11,aang,justice,4.62962962962963
51,3,11,katara,compassion,10.752688172043012
51,3,11,katara,conflict_doubt,53.763440860215056
51,3,11,katara,duty_honor,0.0
51,3,11,katara,identity,0.0
51,3,11,katara,justice,0.0
51,3,11,sokka,compassion,0.0
51,3,11,sokka,conflict_doubt,11.990407673860911
51,3,11,sokka,duty_honor,0.0
51,3,11,sokka,identity,2.398081534772182
51,3,11,sokka,justice,4.796163069544364
51,3,11,suki,compassion,0.0
51,3,11,suki,conflict_doubt,0.0
51,3,11,suki,duty_honor,0.0
51,3,11,suki,identity,0.0
51,3,11,suki,justice,0.0
51,3,11,toph,compassion,5.847953216374268
51,3,11,toph,conflict_doubt,0.0
51,3,11,toph,duty_honor,0.0
51,3,11,toph,identity,0.0
51,3,11,toph,justice,5.847953216374268
51,3,11,zuko,compassion,2.9585798816568047
51,3,11,zuko,conflict_doubt,0.0
51,3,11,zuko,duty_honor,8.875739644970414
51,3,11,zuko,identity,5.9171597633136095
51,3,11,zuko,justice,11.834319526627219
52,3,12,aang,compassion,15.576323987538942
52,3,12,aang,conflict_doubt,12.461059190031152
52,3,12,aang,duty_honor,0.0
52,3,12,aang,identity,3.115264797507788
52,3,12,aang,justice,12.461059190031152
52,3,12,katara,compassion,8.421052631578947
52,3,12,katara,conflict_doubt,25.263157894736842
52,3,12,katara,duty_honor,4.2105263157894735
52,3,12,katara,identity,0.0
52,3,12,katara,justice,10.526315789473683
52,3,12,sokka,compassion,9.237875288683602
52,3,12,sokka,conflict_doubt,2.3094688221709005
52,3,12,sokka,duty_honor,0.0
52,3,12,sokka,identity,2.3094688221709005
52,3,12,sokka,justice,4.618937644341801
52,3,12,suki,compassion,0.0
52,3,12,suki,conflict_doubt,0.0
52,3,12,suki,duty_honor,0.0
52,3,12,suki,identity,0.0
52,3,12,suki,justice,0.0
52,3,12,toph,compassion,3.236245954692557
52,3,12,toph,conflict_doubt,16.181229773462782
52,3,12,toph,duty_honor,0.0
52,3,12,toph,identity,0.0
52,3,12,toph,justice,3.236245954692557
52,3,12,zuko,compassion,15.8311345646438
52,3,12,zuko,conflict_doubt,13.192612137203167
52,3,12,zuko,duty_honor,6.596306068601583
52,3,12,zuko,identity,9.234828496042217
52,3,12,zuko,justice,5.277044854881266
53,3,13,aang,compassion,9.693053311793214
53,3,13,aang,conflict_doubt,27.463651050080774
53,3,13,aang,duty_honor,0.0
53,3,13,aang,identity,3.2310177705977385
53,3,13,aang,justice,1.6155088852988693
53,3,13,katara,compassion,20.408163265306122
53,3,13,katara,conflict_doubt,20.408163265306122
53,3,13,katara,duty_honor,0.0
53,3,13,katara,identity,0.0
53,3,13,katara,justice,0.0
53,3,13,sokka,compassion,0.0
53,3,13,sokka,conflict_doubt,9.803921568627452
53,3,13,sokka,duty_honor,0.0
53,3,13,sokka,identity,0.0
53,3,13,sokka,justice,0.0
53,3,13,suki,compassion,0.0
53,3,13,suki,conflict_doubt,0.0
53,3,13,suki,duty_honor,0.0
53,3,13,suki,identity,0.0
53,3,13,suki,justice,0.0
53,3,13,toph,compassion,0.0
53,3,13,toph,conflict_doubt,8.333333333333334
53,3,13,toph,duty_honor,0.0
53,3,13,toph,identity,0.0
53,3,13,toph,justice,0.0
53,3,13,zuko,compassion,9.719222462203025
53,3,13,zuko,conflict_doubt,10.79913606911447
53,3,13,zuko,duty_honor,0.0
53,3,13,zuko,identity,3.239740820734341
53,3,13,zuko,justice,2.1598272138228944
54,3,14,aang,compassion,0.0
54,3,14,aang,conflict_doubt,0.0
54,3,14,aang,duty_honor,0.0
54,3,14,aang,identity,0.0
54,3,14,aang,justice,0.0
54,3,14,katara,compassion,0.0
54,3,14,katara,conflict_doubt,20.0
54,3,14,katara,duty_honor,0.0
54,3,14,katara,identity,0.0
54,3,14,katara,justice,20.0
54,3,14,sokka,compassion,5.076142131979695
54,3,14,sokka,conflict_doubt,13.959390862944163
54,3,14,sokka,duty_honor,1.2690355329949237
54,3,14,sokka,identity,1.2690355329949237
54,3,14,sokka,justice,6.345177664974619
54,3,14,suki,compassion,10.309278350515465
54,3,14,suki,conflict_doubt,20.61855670103093
54,3,14,suki,duty_honor,0.0
54,3,14,suki,identity,10.309278350515465
54,3,14,suki,justice,10.309278350515465
54,3,14,toph,compassion,0.0
54,3,14,toph,conflict_doubt,0.0
54,3,14,toph,duty_honor,0.0
54,3,14,toph,identity,0.0
54,3,14,toph,justice,0.0
54,3,14,zuko,compassion,11.379800853485065
54,3,14,zuko,conflict_doubt,12.802275960170697
54,3,14,zuko,duty_honor,5.689900426742533
54,3,14,zuko,identity,5.689900426742533
54,3,14,zuko,justice,4.2674253200568995
55,3,15,aang,compassion,0.0
55,3,15,aang,conflict_doubt,0.0
55,3,15,aang,duty_honor,0.0
55,3,15,aang,identity,0.0
55,3,15,aang,justice,0.0
55,3,15,katara,compassion,0.0
55,3,15,katara,conflict_doubt,0.0
55,3,15,katara,duty_honor,0.0
55,3,15,katara,identity,0.0
55,3,15,katara,justice,0.0
55,3,15,sokka,compassion,10.121457489878543
55,3,15,sokka,conflict_doubt,6.0728744939271255
55,3,15,sokka,duty_honor,0.0
55,3,15,sokka,identity,2.0242914979757085
55,3,15,sokka,justice,4.048582995951417
55,3,15,suki,compassion,10.526315789473683
55,3,15,suki,conflict_doubt,0.0
55,3,15,suki,duty_honor,0.0
55,3,15,suki,identity,0.0
55,3,15,suki,justice,0.0
55,3,15,toph,compassion,0.0
55,3,15,toph,conflict_doubt,0.0
55,3,15,toph,duty_honor,0.0
55,3,15,toph,identity,0.0
55,3,15,toph,justice,0.0
55,3,15,zuko,compassion,19.35483870967742
55,3,15,zuko,conflict_doubt,12.903225806451612
55,3,15,zuko,duty_honor,0.0
55,3,15,zuko,identity,0.0
55,3,15,zuko,justice,6.451612903225806
56,3,16,aang,compassion,3.6363636363636362
56,3,16,aang,conflict_doubt,10.90909090909091
56,3,16,aang,duty_honor,0.0
56,3,16,aang,identity,3.6363636363636362
56,3,16,aang,justice,32.72727272727273
56,3,16,katara,compassion,9.30232558139535
56,3,16,katara,conflict_doubt,18.6046511627907
56,3,16,katara,duty_honor,0.0
56,3,16,katara,identity,11.627906976744185
56,3,16,katara,justice,9.30232558139535
56,3,16,sokka,compassion,0.0
56,3,16,sokka,conflict_doubt,7.6923076923076925
56,3,16,sokka,duty_honor,0.0
56,3,16,sokka,identity,0.0
56,3,16,sokka,justice,7.6923076923076925
56,3,16,suki,compassion,0.0
56,3,16,suki,conflict_doubt,0.0
56,3,16,suki,duty_honor,0.0
56,3,16,suki,identity,0.0
56,3,16,suki,justice,58.8235294117647
56,3,16,toph,compassion,0.0
56,3,16,toph,conflict_doubt,0.0
56,3,16,toph,duty_honor,0.0
56,3,16,toph,identity,0.0
56,3,16,toph,justice,0.0
56,3,16,zuko,compassion,13.671875
56,3,16,zuko,conflict_doubt,3.90625
56,3,16,zuko,duty_honor,0.0
56,3,16,zuko,identity,0.0
56,3,16,zuko,justice,5.859375
57,3,17,aang,compassion,6.451612903225806
57,3,17,aang,conflict_doubt,0.0
57,3,17,aang,duty_honor,0.0
57,3,17,aang,identity,12.903225806451612
57,3,17,aang,justice,12.903225806451612
57,3,17,katara,compassion,10.309278350515465
57,3,17,katara,conflict_doubt,20.61855670103093
57,3,17,katara,duty_honor,0.0
57,3,17,katara,identity,0.0
57,3,17,katara,justice,15.463917525773196
57,3,17,sokka,compassion,5.830903790087463
57,3,17,sokka,conflict_doubt,0.0
57,3,17,sokka,duty_honor,0.0
57,3,17,sokka,identity,0.0
57,3,17,sokka,justice,2.9154518950437316
57,3,17,suki,compassion,0.0
57,3,17,suki,conflict_doubt,0.0
57,3,17,suki,duty_honor,0.0
57,3,17,suki,identity,0.0
57,3,17,suki,justice,0.0
57,3,17,toph,compassion,0.0
57,3,17,toph,conflict_doubt,8.968609865470851
57,3,17,toph,duty_honor,0.0
57,3,17,toph,identity,4.484304932735426
57,3,17,toph,justice,0.0
57,3,17,zuko,compassion,9.569377990430622
57,3,17,zuko,conflict_doubt,4.784688995215311
57,3,17,zuko,duty_honor,4.784688995215311
57,3,17,zuko,identity,9.569377990430622
57,3,17,zuko,justice,4.784688995215311
58,3,18,aang,compassion,11.730205278592376
58,3,18,aang,conflict_doubt,17.595307917888565
58,3,18,aang,duty_honor,0.0
58,3,18,aang,identity,5.865102639296188
58,3,18,aang,justice,5.865102639296188
58,3,18,katara,compassion,14.563106796116505
58,3,18,katara,conflict_doubt,19.41747572815534
58,3,18,katara,duty_honor,0.0
58,3,18,katara,identity,0.0
58,3,18,katara,justice,4.854368932038835
58,3,18,sokka,compassion,0.0
58,3,18,sokka,conflict_doubt,2.710027100271003
58,3,18,sokka,duty_honor,0.0
58,3,18,sokka,identity,2.710027100271003
58,3,18,sokka,justice,16.260162601626018
58,3,18,suki,compassion,0.0
58,3,18,suki,conflict_doubt,0.0
58,3,18,suki,duty_honor,0.0
58,3,18,suki,identity,0.0
58,3,18,suki,justice,26.31578947368421
58,3,18,toph,compassion,8.51063829787234
58,3,18,toph,conflict_doubt,8.51063829787234
58,3,18,toph,duty_honor,0.0
58,3,18,toph,identity,8.51063829787234
58,3,18,toph,justice,0.0
58,3,18,zuko,compassion,7.246376811594203
58,3,18,zuko,conflict_doubt,5.434782608695652
58,3,18,zuko,duty_honor,0.0
58,3,18,zuko,identity,1.8115942028985508
58,3,18,zuko,justice,7.246376811594203
59,3,19,aang,compassion,7.6923076923076925
59,3,19,aang,conflict_doubt,20.512820512820515
59,3,19,aang,duty_honor,0.0
59,3,19,aang,identity,7.6923076923076925
59,3,19,aang,justice,5.128205128205129
59,3,19,katara,compassion,14.084507042253522
59,3,19,katara,conflict_doubt,0.0
59,3,19,katara,duty_honor,0.0
59,3,19,katara,identity,14.084507042253522
59,3,19,katara,justice,28.169014084507044
59,3,19,sokka,compassion,10.309278350515465
59,3,19,sokka,conflict_doubt,0.0
59,3,19,sokka,duty_honor,10.309278350515465
59,3,19,sokka,identity,0.0
59,3,19,sokka,justice,0.0
59,3,19,suki,compassion,0.0
59,3,19,suki,conflict_doubt,0.0
59,3,19,suki,duty_honor,0.0
59,3,19,suki,identity,34.48275862068965
59,3,19,suki,justice,0.0
59,3,19,toph,compassion,0.0
59,3,19,toph,conflict_doubt,15.625
59,3,19,toph,duty_honor,0.0
59,3,19,toph,identity,0.0
59,3,19,toph,justice,15.625
59,3,19,zuko,compassion,21.406727828746178
59,3,19,zuko,conflict_doubt,3.058103975535168
59,3,19,zuko,duty_honor,3.058103975535168
59,3,19,zuko,identity,9.174311926605505
59,3,19,zuko,justice,9.174311926605505
60,3,20,aang,compassion,0.0
60,3,20,aang,conflict_doubt,0.0
60,3,20,aang,duty_honor,0.0
60,3,20,aang,identity,0.0
60,3,20,aang,justice,0.0
60,3,20,katara,compassion,17.857142857142858
60,3,20,katara,conflict_doubt,35.714285714285715
60,3,20,katara,duty_honor,0.0
60,3,20,katara,identity,0.0
60,3,20,katara,justice,0.0
60,3,20,sokka,compassion,0.0
60,3,20,sokka,conflict_doubt,0.0
60,3,20,sokka,duty_honor,0.0
60,3,20,sokka,identity,0.0
60,3,20,sokka,justice,6.622516556291391
60,3,20,suki,compassion,0.0
60,3,20,suki,conflict_doubt,24.390243902439025
60,3,20,suki,duty_honor,0.0
60,3,20,suki,identity,0.0
60,3,20,suki,justice,0.0
60,3,20,toph,compassion,0.0
60,3,20,toph,conflict_doubt,13.157894736842104
60,3,20,toph,duty_honor,0.0
60,3,20,toph,identity,0.0
60,3,20,toph,justice,0.0
60,3,20,zuko,compassion,11.904761904761903
60,3,20,zuko,conflict_doubt,35.714285714285715
60,3,20,zuko,duty_honor,0.0
60,3,20,zuko,identity,23.809523809523807
60,3,20,zuko,justice,0.0
61,3,21,aang,compassion,10.869565217391305
61,3,21,aang,conflict_doubt,21.73913043478261
61,3,21,aang,duty_honor,0.0
61,3,21,aang,identity,10.869565217391305
61,3,21,aang,justice,0.0
61,3,21,katara,compassion,0.0
61,3,21,katara,conflict_doubt,41.666666666666664
61,3,21,katara,duty_honor,0.0
61,3,21,katara,identity,0.0
61,3,21,katara,justice,0.0
61,3,21,sokka,compassion,5.555555555555555
61,3,21,sokka,conflict_doubt,11.11111111111111
61,3,21,sokka,duty_honor,0.0
61,3,21,sokka,identity,5.555555555555555
61,3,21,sokka,justice,0.0
61,3,21,suki,compassion,0.0
61,3,21,suki,conflict_doubt,0.0
61,3,21,suki,duty_honor,0.0
61,3,21,suki,identity,0.0
61,3,21,suki,justice,0.0
61,3,21,toph,compassion,16.666666666666668
61,3,21,toph,conflict_doubt,0.0
61,3,21,toph,duty_honor,0.0
61,3,21,toph,identity,0.0
61,3,21,toph,justice,0.0
61,3,21,zuko,compassion,15.463917525773196
61,3,21,zuko,conflict_doubt,10.309278350515465
61,3,21,zuko,duty_honor,5.154639175257732
61,3,21,zuko,identity,5.154639175257732
61,3,21,zuko,justice,10.309278350515465
